{"cameraMode":{"drawMode":0,"name":"Shaded","section":"Shading Mode"},"sceneLighting":true,"audioPlay":false,"sceneViewState":{"showFog":true,"showMaterialUpdate":false,"showSkybox":true,"showFlares":true,"showImageEffects":true,"showParticleSystems":true},"in2DMode":false,"pivot":{"x":-4.2689008712768559,"y":3.8477630615234377,"z":-7.0248942375183109},"rotation":{"x":0.1575738787651062,"y":-0.5554552674293518,"z":0.10816874355077744,"w":0.8092957735061646},"size":8.619500160217286,"orthographic":false}