{"cameraMode":{"drawMode":0,"name":"Shaded","section":"Shading Mode"},"sceneLighting":false,"audioPlay":false,"sceneViewState":{"showFog":true,"showMaterialUpdate":false,"showSkybox":false,"showFlares":true,"showImageEffects":true,"showParticleSystems":true},"in2DMode":false,"pivot":{"x":0.0015352964401245118,"y":0.2203693389892578,"z":-3.713019847869873},"rotation":{"x":0.007668598089367151,"y":0.9897985458374023,"z":-0.05827389657497406,"w":0.12989017367362977},"size":4.627018928527832,"orthographic":false}