{"cameraMode":{"drawMode":0,"name":"Shaded","section":"Shading Mode"},"sceneLighting":true,"audioPlay":false,"sceneViewState":{"showFog":true,"showMaterialUpdate":false,"showSkybox":true,"showFlares":true,"showImageEffects":true,"showParticleSystems":true},"in2DMode":false,"pivot":{"x":0.6140382289886475,"y":-0.15569067001342774,"z":0.5275259613990784},"rotation":{"x":0.18245163559913636,"y":0.647940993309021,"z":-0.1639348566532135,"w":0.7211219072341919},"size":7.511756896972656,"orthographic":false}